id_hos,name,address,dcode,dname,tel,url,num_bed,belong,type,lat,lng
11482,โรงพยาบาลภูมิพลอดุลยเดช,171 ถนนพหลโยธิน แขวงคลองถนน เขตสายไหม กรุงเทพมหานคร 10220,1042,สายไหม,0 2543 7243,www.bhumibolhospital.rtaf.mi.th,774,กระทรวงกลาโหม,โรงพยาบาล นอก สธ.,13.9090645,100.6182845
12439,สถาบันประสาทวิทยา,312 ถนนราชวิถี แขวงทุ่งพญาไท เขตราชเทวี กรุงเทพมหานคร 10400,1037,ราชเทวี,0 2306 9899,www.pni.go.th,300,กระทรวงสาธารณสุข กรมการแพทย์,โรงพยาบาล นอก สป.สธ.,13.76891885,100.5273255
11481,โรงพยาบาลพระมงกุฎเกล้า,315 ถนนราชวิถี แขวงทุ่งพญาไท เขตราชเทวี กรุงเทพมหานคร 10400,1037,ราชเทวี,0 2763 9300,www.pmk.ac.th,1236,กระทรวงกลาโหม,โรงพยาบาล นอก สธ.,13.76785111,100.5347723
11472,โรงพยาบาลราชวิถี,2 ถนนราชวิถี แขวงทุ่งพญาไท เขตราชเทวี กรุงเทพมหานคร 10400,1037,ราชเทวี,0 2354 8108 -37 ต่อ 3037,www.rajavithi.go.th,909,กระทรวงสาธารณสุข กรมการแพทย์,โรงพยาบาล นอก สป.สธ.,13.76425896,100.5367927
11471,โรงพยาบาลสงฆ์,445 ถนนศรีอยุธยา แขวงทุ่งพญาไท เขตราชเทวี กรุงเทพมหานคร 10400,1037,ราชเทวี,0 2640 9537,www.priest-hospital.go.th,937,กระทรวงสาธารณสุข กรมการแพทย์,โรงพยาบาล นอก สป.สธ.,13.76200836,100.526587
12246,สถาบันราชานุกูล,4737 ถนนดินแดง แขวงดินแดง เขตดินแดง กรุงเทพมหานคร 10320,1026,ดินแดง,0 2248 8900,www.rajanukul.go.th,260,กระทรวงสาธารณสุข กรมสุขภาพจิต,โรงพยาบาล นอก สป.สธ.,13.76135419,100.5545845
11534,โรงพยาบาลบุรฉัตรไชยากร (รถไฟ),700 ถนนนิคมมักกะสัน แขวงมักกะสัน เขตราชเทวี กรุงเทพมหานคร 10400,1037,ราชเทวี,0 2251 2042,www.kannikamee18.wordpress.com,120,กระทรวงคมนาคม,โรงพยาบาล นอก สธ.,13.75201707,100.5516563
14173,โรงพยาบาลตำรวจ,492/1 ถนนพระรามที่ 1 แขวงปทุมวัน เขตปทุมวัน กรุงเทพมหานคร 10330,1007,ปทุมวัน,0 2252 8111 -25,www.policehospital.org,736,สำนักนายกรัฐมนตรี,โรงพยาบาล นอก สธ.,13.74376935,100.5393036
13756,โรงพยาบาลจุฬาลงกรณ์ สภากาชาดไทย,1873 ถนนพระรามที่ 4 แขวงปทุมวัน เขตปทุมวัน กรุงเทพมหานคร 10330,1007,ปทุมวัน,0 2564 0000,www.chulalongkornhospital.go.th,1433,หน่วยงานอิสระ,โรงพยาบาล นอก สธ.,13.73092972,100.5355674
12244,สถาบันจิตเวชศาสตร์สมเด็จเจ้าพระยา,112 ถนนสมเด็จเจ้าพระยา แขวงคลองสาน เขตคลองสาน กรุงเทพฯ 10600,1018,คลองสาน,0 2442 2500,www.somdet.go.th,500,กระทรวงสาธารณสุข กรมสุขภาพจิต,โรงพยาบาล นอก สป.สธ.,13.73082861,100.5050164
11469,โรงพยาบาลเลิดสิน,190 ถนนสีลม แขวงสีลม เขตบางรัก กรุงเทพมหานคร 10500,1004,บางรัก,0 2353 9799,www.lerdsin.go.th,528,กระทรวงสาธารณสุข กรมการแพทย์,โรงพยาบาล นอก สป.สธ.,13.72206537,100.5174983
11532,โรงพยาบาลสวนเบญจกิติเฉลิมพระเกียรติ84พรรษา,184 ถนนพระรามที่ 4 แขวงคลองเตย เขตคลองเตย กรุงเทพมหานคร 10110,1033,คลองเตย,0 2229 1000,www.thaitobacco.or.th,82,กระทรวงการคลัง,โรงพยาบาล นอก สธ.,13.72483961,100.5539739
11470,โรงพยาบาลนพรัตน์ราชธานี,679 ถนนรามอินทรา (กม.ที่ 10) แขวงคันนายาว เขตคันนายาว กรุงเทพมหานคร 10240,1043,คันนายาว,0 2517 4270 -9,www.nopparat.go.th,510,กระทรวงสาธารณสุข กรมการแพทย์,โรงพยาบาล นอก สป.สธ.,13.81691366,100.6879781
13814,โรงพยาบาลศิริราช,2 ถนนอรุณอมรินทร์ แขวงศิริราช เขตบางกอกน้อย กรุงเทพมหานคร 10700,1020,บางกอกน้อย,0 2419 7093 -4,www.si.mahidol.ac.th,1792,กระทรวงศึกษาธิการ,โรงพยาบาล นอก สธ.,13.75752567,100.4850363
11478,โรงพยาบาลสมเด็จพระปิ่นเกล้า,504 ถนนสมเด็จพระเจ้าตากสิน ตำบลบุคคโล เขตธนบุรี กรุงเทพมหานคร 10600,1015,ธนบุรี,0 2475 2677,www.pinklao.go.th,507,กระทรวงกลาโหม,โรงพยาบาล นอก สธ.,13.71044943,100.4863118
13781,โรงพยาบาลรามาธิบดี มหาวิทยาลัยมหิดล,270 ถนนพระรามที่ 6 แขวงทุ่งพญาไท เขตราชเทวี กรุงเทพมหานคร 10400,1037,ราชเทวี,0 2201 1000,www.med.mahidol.ac.th,938,กระทรวงศึกษาธิการ,โรงพยาบาล นอก สธ.,13.76642011,100.5264954
11477,โรงพยาบาลทหารผ่านศึก,123 ถนนวิภาวดีรังสิต แขวงสามเสนใน เขตพญาไท กรุงเทพมหานคร 10400,1014,พญาไท,0 2245 0661,www.vgh.go.th,304,กระทรวงกลาโหม,โรงพยาบาล นอก สธ.,13.7719305,100.5516488
12249,สถาบันโรคผิวหนัง,420/7 ถนนราชวิถี แขวงทุ่งพญาไท เขตราชเทวี กรุงเทพมหานคร 10400,1037,ราชเทวี,0 2354 5222,www.inderm.go.th,43,กระทรวงสาธารณสุข กรมการแพทย์,โรงพยาบาล นอก สป.สธ.,13.7656573,100.5357845
23560,โรงพยาบาลโรคปอดกรุงเทพ,1281 ถนนพหลโยธิน แขวงสามเสนใน เขตพญาไท กรุงเทพมหานคร,1014,พญาไท,0 2279 9935,-,50,มูลนิธิ,โรงพยาบาล นอก สธ.,13.78474681,100.5461103
11479,โรงพยาบาลทหารเรือกรุงเทพ,224 ถนนริมทางรถไฟเก่า แขวงบางนา เขตบางนา กรุงเทพมหานคร,1047,บางนา,0 2475 2406,www2.nmd.go.th,230,กระทรวงกลาโหม,โรงพยาบาล นอก สธ.,13.66978563,100.587565
12250,สถาบันมะเร็งแห่งชาติ,268/1 ถนนพระรามที่ 6 แขวงทุ่งพญาไท เขตราชเทวี กรุงเทพมหานคร 10400,1037,ราชเทวี,0 2354 7025,www.nci.go.th,200,กระทรวงสาธารณสุข กรมการแพทย์,โรงพยาบาล นอก สป.สธ.,13.76742605,100.5275377
12438,สถาบันสุขภาพเด็กแห่งชาติมหาราชินี,420/8 ถนนราชวิถี แขวงทุ่งพญาไท เขตราชเทวี กรุงเทพมหานคร 10400,1037,ราชเทวี,0 2245 7198,www.childrenhospital.go.th,538,กระทรวงสาธารณสุข กรมการแพทย์,โรงพยาบาล นอก สป.สธ.,13.76535401,100.5351352
13757,โรงพยาบาลเวชศาสตร์เขตร้อน มหาวิทยาลัยมหิดล,420/6 ถนนราชวิถี แขวงทุ่งพญาไท เขตราชเทวี กรุงเทพมหานคร 10400,1037,ราชเทวี,0 2306 9199,www.tm.mahidol.ac.th/hospital/index-th.php,250,กระทรวงศึกษาธิการ,โรงพยาบาล นอก สธ.,13.76628174,100.5342165
15199,โรงพยาบาลคณะทันตแพทย์ศาสตร์ จุฬาลงกรณ์มหาวิทยาลัย,34 ถนนอังรีดูนังต์ ซ.64 แขวงปทุมวัน เขตปทุมวัน กรุงเทพมหานคร 10330,1007,ปทุมวัน,0 2218 8635,www.dent.chula.ac.th,40,หน่วยงานอิสระ,โรงพยาบาล นอก สธ.,13.74328985,100.5350191
11597,สถาบันกัลยาณ์ราชนครินทร์,23 หมู่ 8 ถนนพุทธมณฑลสาย 4 แขวงทวีวัฒนา เขตทวีวัฒนา กรุงเทพมหานคร 10170,1048,ทวีวัฒนา,0 2441 6100,www.galya.go.th/web,250,กระทรวงสาธารณสุข กรมสุขภาพจิต,โรงพยาบาล นอก สป.สธ.,13.76158341,100.3318302
12243,สถาบันพัฒนาสุขภาวะเขตเมือง,18 ถนนพหลโยธิน แขวงอนุสาวรีย์ เขตบางเขน กรุงเทพมหานคร 10220,1005,บางเขน,0 2521 3056,http://mwi.anamai.moph.go.th/main.php?filename=index,50,กระทรวงสาธารณสุข กรมอนามัย,โรงพยาบาล นอก สป.สธ.,13.87212894,100.5967029
11468,ทัณฑสถาน โรงพยาบาลราชทัณฑ์,33/2 ถนนงามวงศ์วาน แขวงลาดยาว เขตจตุจักร กรุงเทพมหานคร 10900,1030,จตุจักร,0 2953 3999,www.hosdoc.com,320,กระทรวงยุติธรรม,โรงพยาบาล นอก สป.สธ.,13.84996458,100.5546815
11531,โรงพยาบาลการไฟฟ้านครหลวง,809/1 ถนนสามเสน แขวงถนนนครไชยศรี เขตดุสิต กรุงเทพมหานคร 10300,1002,ดุสิต,0 2242 5045,www.mea.or.th/minisite/meahospital,120,กระทรวงมหาดไทย,โรงพยาบาล นอก สธ.,13.78701602,100.5096763
22737,โรงพยาบาลจุฬาภรณ์,54 ถนนกำแพงเพชร 6 แขวงตลาดบางเขน เขตหลักสี่ กรุงเทพมหานคร 10210,1041,หลักสี่,0 2576 6000,www.cccthai.org/l-th,100,สำนักนายกรัฐมนตรี,โรงพยาบาล นอก สธ.,13.88070976,100.578174
24748,โรงพยาบาลศิริราช ปิยมหาราชการุณย์,2 ถนน วังหลัง แขวงศิริราช เขตบางกอกน้อย กรุงเทพมหานคร 10700,1020,บางกอกน้อย,0 2419 6177,www.siphhospital.com,345,กระทรวงศึกษาธิการ,โรงพยาบาล นอก สธ.,13.75969863,100.4859563
22155,โรงพยาบาลครู,128/1 พิษณุโลก แขวง ดุสิต เขต ดุสิต กรุงเทพมหานคร 10300,1002,ดุสิต,0 2282 8833,www.otep.go.th,30,กระทรวงศึกษาธิการ,โรงพยาบาล นอก สธ.,13.76680738,100.5076507
41414,โรงพยาบาลทหารอากาศ (สีกัน),555 ถนน เดชะตุงคะ แขวง สีกัน เขตดอนเมือง กรุงเทพมหานคร 10210,1036,ดอนเมือง,0 2534 6464,http://rtafhospital.rtaf.mi.th,0,กระทรวงกลาโหม,โรงพยาบาล นอก สธ.,13.94122278,100.5814441
23762,โรงพยาบาลนวุติสมเด็จย่า,1279 ถนน พหลโยธิน แขวง สามเสนใน เขต พญาไท กรุงเทพมหานคร 10400,1014,พญาไท,0 2279 4457,-,0,สำนักนายกรัฐมนตรี,โรงพยาบาล นอก สธ.,13.78442356,100.545766
77665,โรงพยาบาลการแพทย์แผนไทยและการแพทย์ผสมผสาน,ถ.บำรุงเมือง แขวงคลองมหานาค เขตป้อมปราบศัตรูพ่าย กรุงเทพมหานคร 10100,1008,ป้อมปราบศัตรูพ่าย,0 2224 3261,-,10,กระทรวงสาธารณสุข กรมการแพทย์ไทยและการแพทย์ทางเลือก,โรงพยาบาล นอก สป.สธ.,13.74975303,100.516012
43838,ศูนย์การแพทย์ภัทรมหาราชานุสรณ์,906 ถ.กำแพงเพชร 6 แขวงตลาดบางเขน เขตหลักสี่ กทม. 10210,1041,หลักสี่,0 2576 6000,www.chulabhornhospital.com,400,,โรงพยาบาล นอก สธ.,13.87970782,100.5723477
